Call Ratio,Average Call Distance,Life,Max Distance,Max Date,Min Date,No of Days,Total No In,Total No Out,Total Cost,Total Duration In,Total Duration Out
0.49,0.782,38,14.047,734499,734411,43,121,114,104232,9772,5860
0.36,14.999,6,26.986,734491,734431,9,9,5,2776,660,172
0.49,2.42,30,19.145,734501,734414,32,38,37,31064,2585,1750
0.4,0.841,48,7.026,734501,734412,59,162,107,91988,9410,5203
0.43,5.002,14,13.042,734499,734429,17,20,15,18268,970,1125
0.54,0.595,63,4.03,734500,734411,65,131,151,117560,6601,6724
0.14,1.695,30,9.93,734502,734414,44,315,53,32424,16152,1930
0.62,7.854,6,29.994,734481,734426,6,5,8,11280,146,568
0.5,23.664,4,40.991,734500,734429,4,4,4,2880,169,81
0.36,10.149,9,30,734502,734431,11,14,8,21720,611,162
0.37,0.657,58,4.008,734500,734414,76,228,132,75536,10879,5448
0.57,0.183,12,1.004,734489,734415,15,9,12,97920,2197,511
0.34,0.274,81,3.024,734502,734411,82,656,334,247256,33242,19104
0.26,1.051,40,18.966,734499,734415,51,232,81,65564,9076,4209
0.67,2.077,27,12.934,734500,734417,30,20,41,27756,854,1415
0.29,1.547,34,7.019,734500,734415,41,134,56,70880,8374,1636
0.39,0.371,78,3.008,734500,734411,79,385,242,131968,17314,10703
0.5,21.964,1,21.964,734485,734485,1,1,1,2592,36,117
0.36,1.2,6,2.012,734497,734463,8,9,5,106368,584,270
0.53,9.145,7,19.967,734495,734431,7,7,8,4920,649,246
0.47,0.134,89,3.008,734501,734411,89,760,673,676288,26773,33988
0.5,11.673,7,20.958,734495,734425,7,7,7,8444,166,447
0.47,0.114,90,3.004,734502,734411,92,911,806,489080,43934,38150
0.33,3.672,5,10.909,734498,734434,8,8,4,22916,1329,57
0.53,8.571,8,26.969,734478,734418,8,7,8,8968,206,215
0.44,0.623,60,6.023,734502,734413,65,186,144,91816,8483,5898
0.46,4.406,21,15.074,734501,734413,22,25,21,344484,912,1293
0.44,1.625,44,5.015,734499,734413,46,70,54,104536,3432,2689
0.52,0.045,89,3.003,734502,734411,90,1889,2029,1316652,90178,90249
0.43,0.252,71,4.886,734500,734411,79,477,356,261216,20235,18459
0.5,0.23,86,3.006,734502,734411,86,401,398,214896,28633,15722
0.43,2.883,24,15.956,734500,734411,29,42,32,35116,1463,2086
0.5,11.044,9,26.991,734499,734411,13,9,9,11300,307,801
0.56,8.629,9,24.114,734498,734429,13,7,9,20152,221,1057
0.45,10.011,10,27.999,734495,734415,14,11,9,10192,522,283
0.51,2.382,24,14.051,734501,734413,28,37,38,137892,1606,1387
0.47,1.475,43,5.858,734501,734417,44,66,58,113732,2581,2812
0.5,0.119,89,3.008,734502,734411,92,768,772,670780,33031,42230
0.56,0.181,85,3.008,734500,734411,87,394,495,473660,20468,27158
0.49,0.834,56,5.023,734499,734411,61,110,107,399964,4129,11398
0.46,0.415,70,3.02,734501,734411,78,261,220,351744,11417,18938
0.5,0.085,90,3,734502,734411,94,1092,1073,721352,55852,49061
0.43,0.315,72,3.01,734502,734411,79,388,290,115484,14975,8984
0.51,0.187,76,3.01,734499,734411,84,451,473,267256,17272,21303
0.52,4.828,14,13.04,734488,734411,15,16,17,43588,544,416
0.48,2.074,32,8.03,734501,734414,35,46,43,34872,2097,1145
0.45,0.388,72,4,734502,734411,75,288,236,100936,11432,7870
0.53,1.143,44,6.01,734501,734411,48,70,80,62188,3554,3934
0.51,2.969,25,12.93,734495,734412,26,28,29,45340,879,2211
0.52,0.805,54,6.02,734501,734411,58,104,113,202624,3516,4995
0.48,1.051,52,6.02,734501,734418,55,86,80,101712,2867,3907
0.53,0.111,89,3.01,734502,734411,89,761,847,581036,28359,38243
0.48,0.27,70,3.01,734501,734411,75,370,335,203236,11586,11549
0.5,0.406,68,3.84,734499,734411,71,222,218,179364,8083,9189
0.54,0.393,77,4.02,734502,734411,79,198,233,187372,19852,13527
0.67,0.314,57,7.03,734501,734411,60,144,288,197548,6061,14700
0.46,4.378,12,26.13,734499,734429,15,20,17,17916,952,546
0.46,7.83,12,32.02,734500,734414,12,14,12,13160,467,423
0.45,1.904,25,6.02,734500,734441,31,39,32,19260,1371,1590
0.52,1.702,40,8.91,734500,734415,43,47,51,30736,1959,1587
0.41,3.235,21,11.05,734501,734417,30,39,27,46748,1898,516
0.43,2.234,24,12.9,734500,734413,39,53,40,20108,3014,1899
0.42,0.496,60,5.01,734500,734411,62,247,181,149592,9618,9810
0.54,1.839,29,8.03,734495,734416,32,38,44,60544,1700,1273
0.6,0.859,44,11.03,734500,734411,46,70,105,71632,2857,4033
0.44,0.546,64,4.01,734502,734411,76,217,168,109932,9233,8449
0.5,0.61,30,30,734481,734411,30,116,116,192788,13952,5575
0.49,1.978,29,20.1,734498,734415,37,45,43,60636,1480,1641
0.5,0.146,79,3,734500,734411,83,606,609,537176,39662,33536
0.3,0.518,68,3.02,734501,734412,68,395,173,176608,26803,8444
0.62,0.282,81,3.01,734501,734411,83,200,321,217004,10697,15771
0.48,0.276,73,3.01,734500,734411,77,350,324,232936,17722,17130
0.43,15.818,7,26.99,734496,734417,8,8,6,5372,248,172
0.56,10.336,5,67.04,734484,734430,5,4,5,5252,87,186
0.44,5.002,13,20.92,734482,734417,15,18,14,12436,610,792
0.44,7.186,12,15.67,734497,734418,14,15,12,13148,597,818
0.56,7.625,9,23.97,734484,734423,13,7,9,12868,316,407
0.44,4.058,19,15.94,734496,734419,23,25,20,13504,1008,796
0.56,17.258,4,32.01,734500,734431,5,4,5,6188,256,289
0.52,1.574,44,6.02,734502,734411,46,55,59,44428,1846,2565
0.4,4.925,12,20.96,734489,734425,18,21,14,24476,850,374
0.45,20.538,6,47.13,734494,734412,6,6,5,8912,156,128
0.52,6.422,13,15.953,734500,734423,17,12,13,12792,580,386
0.45,2.473,30,7.053,734500,734416,30,43,35,27488,3178,2417
0.48,2.088,20,13.044,734490,734417,30,39,36,17600,3045,1349
0.5,1.468,41,7.029,734498,734413,43,60,59,95852,3305,2837
0.43,0.89,51,5.02,734501,734413,55,133,100,107804,8163,2908
0.43,2.3,30,16.072,734499,734414,35,51,38,51024,1453,2640
0.49,0.54,69,3.885,734502,734411,70,175,170,121652,10769,10343
0.36,0.353,77,4.008,734501,734411,78,459,257,181156,24210,12992
0.43,5.606,16,24.741,734501,734417,17,21,16,10176,594,564
0.45,5.791,11,25.984,734499,734418,16,18,15,11072,402,547
0.46,4.238,12,15.953,734500,734428,16,21,18,41616,1238,4128
0.47,2.605,27,9.033,734490,734412,27,35,31,32500,1337,1447
0.5,6.589,11,18.069,734497,734418,11,13,13,113396,824,468
0.47,4.804,15,15.07,734495,734423,15,18,16,44916,1030,1956
0.57,1.894,32,11.065,734499,734412,34,35,47,47992,2727,1843
0.42,0.116,90,3.009,734502,734411,94,1101,788,456192,52995,31049
0.59,0.833,50,5.017,734499,734411,50,75,107,73156,4523,4591
0.49,0.622,54,4.015,734502,734411,60,156,148,91776,7343,6519
0.36,0.834,50,8.085,734499,734411,56,189,107,52232,7196,3858
0.45,3.379,21,12.898,734497,734416,21,24,20,8996,892,536
0.45,5.272,10,14.058,734499,734441,14,11,9,3332,175,229
0.46,2.505,24,8.093,734497,734412,26,34,29,9860,1507,562
0.43,5.445,10,32.015,734501,734414,14,16,12,8388,904,465
0.42,2.553,18,14.143,734501,734427,19,29,21,45216,1174,744
0.4,6.924,9,20.074,734500,734417,12,12,8,23720,516,382
0.55,1.883,22,16.05,734497,734418,24,34,42,44072,2239,1408
0.59,0.455,68,6.013,734502,734412,72,138,198,110520,5374,8127
0.48,0.557,62,4.016,734502,734413,66,153,141,116020,6813,6510
0.51,0.885,58,5.015,734500,734411,60,96,101,73180,4113,4970
0.38,7.394,4,48.119,734471,734412,5,8,5,467840,333,174
0.53,0.868,59,4.014,734501,734411,63,93,104,66896,3580,4179
0.45,3.613,18,12.04,734499,734416,20,23,19,13536,582,610
0.47,0.028,90,3.003,734502,734411,94,3168,2848,1496436,145400,113406
0.56,0.749,55,3.844,734499,734411,58,92,118,87468,3012,5010
0.43,1.415,30,11.833,734490,734411,34,56,43,54384,2073,1249
0.41,4.778,13,19.962,734492,734411,14,17,12,25196,776,583
0.57,3.243,18,13.931,734499,734418,19,19,25,54072,1154,1468
0.5,0.305,77,3.008,734502,734411,77,298,297,173316,13363,11708
0.53,1.048,51,8.024,734502,734412,54,76,86,65380,2481,4646
0.59,0.426,75,3.011,734500,734411,76,145,210,146152,6367,9971
0.43,2.648,22,10.044,734499,734417,26,31,23,41984,1961,860
0.44,1.663,33,10.044,734502,734414,40,53,42,45036,2952,1121
0.48,3.435,20,20.972,734500,734411,22,26,24,10964,972,717
0.5,0.51,68,5.014,734500,734411,70,173,173,101288,7658,7211
0.32,0.175,76,3.008,734500,734411,76,509,244,134744,23414,8808
0.45,3.876,12,17.299,734491,734429,14,16,13,21760,751,475
0.56,4.12,15,24.116,734489,734411,19,15,19,286316,697,598
0.48,2.328,25,15.911,734499,734413,27,37,34,16644,1760,973
0.62,0.787,55,7.1,734500,734412,58,70,112,51284,3378,3668
0.47,0.04,90,3.008,734502,734411,94,2230,1997,1059848,114742,76030
0.54,1.574,32,7.903,734501,734413,33,48,56,54420,2160,1955
0.44,2.074,26,13.931,734501,734414,27,42,33,56148,1547,1109
0.47,2.15,30,8.92,734501,734411,34,42,37,28012,1950,1372
0.51,0.544,52,6.903,734502,734411,55,160,168,156104,6547,8160
0.49,0.439,69,4.007,734502,734411,76,204,194,145172,11572,10713
0.54,1.771,37,10.031,734501,734411,40,44,51,45864,1790,1852
0.38,0.362,63,5.894,734502,734411,66,250,154,101832,12508,7427
0.51,1.173,40,6.026,734501,734412,45,73,76,63584,4525,2509
0.5,0.504,69,4.005,734502,734412,70,177,175,139924,6564,6356
0.43,0.791,47,8.03,734502,734412,57,113,84,215308,4052,4225
0.54,0.519,62,5.018,734500,734411,64,147,172,95740,6107,6222
0.45,0.21,85,3.01,734502,734411,88,428,353,259164,23141,16933
0.51,0.103,89,3.003,734502,734411,90,852,884,488828,33022,36530
0.56,7.225,7,28.988,734490,734425,8,7,9,59092,449,252
0.46,3.004,17,23.113,734495,734414,23,27,23,33704,1603,776
0.51,4.686,16,15.947,734495,734411,17,17,18,11248,700,640
0.68,0.288,61,5.015,734501,734411,65,150,314,192284,5857,14093
0.51,1.013,48,4.019,734499,734413,54,83,85,51352,3057,3983
0.4,2.597,16,25.934,734500,734417,27,32,21,57660,1376,643
0.54,3.19,26,11.917,734499,734413,26,23,27,18092,1398,910
0.51,1.164,42,7.022,734500,734414,49,71,74,39284,3519,2178
0.53,0.263,82,3.01,734501,734411,86,309,344,209468,14215,13233
0.47,1.3,37,6.026,734501,734414,40,63,56,114484,2447,1552
0.5,1.441,50,5.021,734500,734411,53,60,59,42260,3856,1703
0.39,0.504,53,5.828,734501,734412,62,177,114,171388,7489,6617
0.31,1.933,4,19.21,734432,734411,8,11,5,11844,360,156
0.5,0.111,90,3.009,734502,734411,94,806,806,402860,43363,25292
0.52,0.493,72,3.013,734502,734411,74,171,185,75236,7816,5155
0.49,0.156,88,3.009,734502,734411,92,579,559,233460,26411,17392
0.48,0.903,55,6.028,734500,734411,57,97,88,78568,4334,3006
0.52,0.226,87,3.01,734501,734411,87,372,400,167796,14691,12033
0.49,0.843,51,6.008,734500,734411,53,104,101,66892,3591,4293
0.42,2.317,23,14.06,734498,734417,27,35,25,37940,1102,2716
0.43,0.325,77,3.01,734502,734411,81,276,211,278936,10958,6785
0.47,0.922,46,6.014,734501,734411,54,96,86,46932,5573,2861
0.46,5.003,12,28.965,734479,734414,12,13,11,12452,484,692
0.55,1.667,34,8.029,734499,734411,34,44,53,51696,2075,2913
0.48,0.07,89,3.003,734502,734411,89,1276,1194,659108,61392,48067
0.41,1.547,27,10.029,734500,734412,37,57,39,16436,2619,1032
0.38,2.658,16,18.725,734495,734418,22,29,18,5344,1197,272
0.59,1.633,31,10.039,734500,734412,35,38,54,32108,1724,1564
0.51,0.584,59,6.011,734500,734411,65,148,153,177772,6723,6279
0.45,1.795,27,9.028,734498,734412,27,48,40,18508,2614,1154
0.46,5.504,12,15.934,734500,734423,13,13,11,55208,335,806
0.49,1.102,40,10.045,734501,734413,45,79,75,45600,5926,2686
0.44,0.098,90,3.01,734502,734411,94,906,716,338920,40942,24860
0.31,1.003,5,6.019,734440,734431,7,9,4,15044,457,292
0.46,0.306,71,4.011,734500,734411,77,287,242,151772,11130,10563
0.53,1.632,34,9.039,734501,734413,39,48,54,51208,1949,1359
0.6,2.214,31,9.032,734496,734412,34,25,38,30940,1040,1523
0.48,0.809,49,8.015,734500,734412,57,108,101,70608,4281,4158
0.34,0.805,38,5.899,734500,734411,50,111,56,23892,4541,1750
0.51,0.388,71,4.018,734499,734411,76,218,228,110732,9163,7915
0.53,0.647,58,4.017,734500,734411,60,121,138,93220,4789,4289
0.47,2.811,24,11.91,734500,734413,24,31,27,16224,1145,698
0.44,2.184,26,12.044,734498,734411,30,40,31,17312,1292,822
0.43,3.041,18,14.94,734502,734423,22,26,20,181600,1022,762
0.53,0.541,75,3.008,734500,734412,78,145,163,111536,6944,7389
0.48,1.131,44,9.038,734500,734411,53,79,72,68768,3891,2629
0.48,1.144,31,11.854,734500,734428,40,63,57,52776,3431,2119
0.51,0.073,89,3.008,734502,734411,89,1219,1259,626204,54532,45142
0.53,0.884,57,4.013,734500,734411,58,91,101,85168,3906,3120
0.51,0.327,73,3.009,734502,734411,74,272,279,127164,14939,8722
0.46,0.754,54,9.025,734500,734412,62,117,100,109036,4711,2749
0.44,1.434,38,8.806,734501,734411,44,63,50,32492,1932,1517
0.52,0.398,87,63.008,734502,734411,87,362,388,151444,14904,10572
0.45,2.375,18,10.92,734496,734439,20,24,20,52764,585,751
0.51,0.131,86,3.006,734501,734411,88,661,691,323988,28477,22071
0.55,1.497,43,6.019,734499,734411,44,49,59,39292,1780,2582
0.53,1.785,32,10.042,734496,734414,33,41,46,31720,1591,1112
0.44,0.193,85,3.01,734500,734411,87,449,360,153440,21685,10759
0.48,0.807,60,5.02,734500,734413,61,108,99,62440,4387,4084
0.45,1.326,47,9.878,734502,734412,50,65,54,22968,3333,1469
0.49,0.51,66,6.015,734499,734412,69,168,160,67836,6493,4554
0.49,0.784,59,6.043,734500,734411,60,114,109,43300,4007,2748
0.46,2.192,24,13.054,734496,734415,30,35,30,49064,1345,1827
0.36,1.356,31,7.031,734500,734412,40,65,36,25316,2445,1572
0.37,2.131,18,8.033,734499,734416,30,39,23,30796,1860,900
0.44,1.438,36,7.635,734502,734423,38,55,44,25108,2089,1253
0.48,0.514,70,4.011,734500,734411,74,172,160,137024,7880,6505
0.26,1.06,21,15.074,734501,734419,40,78,27,21284,3662,865
0.55,0.676,56,5.02,734502,734411,60,110,135,100308,5559,5814
0.47,1.219,34,9.025,734499,734415,44,69,61,28560,3031,1577
0.47,0.266,66,4.033,734499,734411,71,332,300,257984,13977,11318
0.48,0.991,57,5.028,734501,734412,59,89,83,114816,3493,4284
0.53,0.922,55,7.022,734502,734411,56,88,99,63268,4714,3838
0.46,2.033,20,14.915,734490,734427,24,31,26,128780,2033,877
0.49,0.128,88,3.008,734502,734411,88,697,673,423192,34277,26492
0.5,0.281,82,3.014,734502,734411,83,313,308,369512,13026,13804
0.4,1.263,31,11.048,734501,734414,45,68,45,182696,2344,1200
0.5,0.114,90,3.007,734502,734411,94,783,781,539980,36135,30811
0.5,0.171,90,3.008,734502,734411,91,517,525,291824,23700,17384
0.48,0.074,89,3.006,734501,734411,93,1204,1108,597764,61824,43307
0.46,0.064,89,3.006,734502,734411,89,1403,1208,616024,68705,43784
0.51,0.131,87,3.003,734502,734411,89,668,695,413304,36632,30249
0.48,0.154,87,3.006,734502,734411,89,579,524,248616,25547,16070
0.54,1.297,43,13.068,734500,734412,45,58,68,111988,2094,2690
0.45,1.656,38,15.073,734500,734414,39,52,42,120768,2428,3152
0.43,1.27,37,8.033,734497,734411,45,64,49,96568,2294,1596
0.49,0.481,75,4.011,734502,734411,77,189,182,152552,7321,8221
0.48,0.124,90,3.004,734502,734411,94,712,667,486984,34013,21830
0.49,0.145,84,3.006,734501,734411,89,608,591,573596,24814,23862
0.52,0.164,86,3.01,734502,734411,89,507,556,274352,21294,20024
0.49,0.486,69,4.014,734502,734411,72,188,178,92164,8314,6318
0.48,0.073,90,3.007,734502,734411,94,1237,1125,852152,56324,43440
0.54,0.052,89,3.002,734502,734411,90,1531,1768,909224,65060,60893
0.44,1.599,24,11.847,734497,734411,33,53,41,222912,1635,1223
0.4,4.736,11,16.926,734491,734420,14,15,10,38668,419,180
0.56,0.044,89,3.002,734502,734411,90,1642,2077,1141072,71785,78538
0.44,0.164,76,3.003,734499,734411,80,538,423,449648,24316,17969
0.49,0.067,90,3.003,734502,734411,94,1339,1310,752692,60761,50756
0.49,0.303,74,3.01,734501,734411,77,297,287,131788,14644,9113
0.47,4.306,16,15.081,734500,734414,19,20,18,228936,900,688
0.58,0.055,88,3.003,734501,734411,90,1214,1658,867344,51968,61616
0.52,0.215,89,3.003,734502,734411,91,389,424,256804,19249,18274
0.47,0.795,52,5.022,734500,734412,58,111,100,158192,4144,3813
0.55,0.067,78,4.01,734501,734411,82,1129,1358,776160,51374,56186
0.52,0.267,69,4.012,734500,734411,74,310,335,165408,15362,11719
0.55,0.816,56,7.014,734500,734412,56,87,108,73712,3084,3469
0.47,0.12,82,3.005,734502,734411,86,752,658,380900,29208,26315
0.47,0.483,62,4.017,734500,734411,66,181,159,287868,7097,5839
0.44,3.963,13,18.06,734499,734412,19,22,17,6612,1198,267
0.47,0.595,60,6.02,734502,734414,71,146,129,130200,6590,7688
0.47,0.551,57,6.012,734501,734411,58,164,146,281004,6008,5359
0.53,0.068,89,3.005,734502,734411,90,1201,1342,844236,57805,49424
0.45,1.541,34,8.027,734500,734411,38,58,47,104748,2752,1049
0.58,1.077,45,8.035,734500,734411,46,61,83,119600,2257,3081
0.52,0.069,88,3.003,734501,734411,90,1233,1319,799376,58637,56885
0.5,0.072,89,3.006,734501,734411,93,1255,1244,752040,52621,50549
0.46,0.122,85,3.003,734500,734411,86,722,611,356448,30735,24820
0.49,0.171,89,3.01,734502,734411,92,515,486,292892,24294,18802
0.42,1.889,25,11.039,734499,734416,30,44,32,32968,1800,1351
0.46,0.245,67,3.872,734500,734411,69,365,313,416412,19471,13040
0.47,1.038,41,5.02,734500,734412,50,84,74,133580,2592,2649
0.45,0.318,71,3.006,734501,734411,71,283,228,141000,11485,10196
0.49,0.98,42,6.022,734499,734412,50,87,82,44828,3769,2787
0.55,0.059,86,3.006,734501,734411,88,1278,1537,838504,58006,61086
0.49,0.103,88,3.008,734502,734411,92,876,845,451796,40709,28807
0.48,4.644,12,14.924,734489,734424,14,14,13,7104,443,332
0.45,3.118,20,10.047,734501,734420,25,26,21,20064,1361,935
0.59,1.051,48,7.031,734497,734412,48,57,81,281136,2322,2605
0.53,0.307,78,3.012,734501,734411,79,266,294,150140,11586,9912
0.45,1.689,27,9.038,734500,734414,45,50,41,55692,1694,1984
0.42,2.348,25,13.052,734500,734411,32,38,27,26040,1728,1195
0.53,0.057,88,3.003,734502,734411,88,1424,1613,891328,67385,64760
0.47,0.718,59,4.02,734499,734411,61,123,110,230180,5580,3876
0.5,0.494,66,5.017,734502,734411,69,181,178,133300,8838,6062
0.6,0.938,46,7.032,734500,734412,49,63,94,34272,3725,2896
0.7,2.234,27,11.033,734500,734411,29,17,40,40164,634,1273
0.49,0.069,90,3.008,734502,734411,94,1293,1243,580424,64958,42249
0.62,0.31,45,13.938,734496,734411,47,171,275,148388,7974,9703
0.4,3.097,13,18.951,734490,734425,18,21,14,20544,726,246
0.54,0.403,69,5.008,734500,734411,73,189,222,139632,8028,6687
0.35,0.275,66,4.01,734500,734412,71,320,175,152472,13968,6167
0.48,0.371,77,3.01,734500,734411,78,240,225,116376,10033,8050
0.55,1.075,48,7.022,734500,734412,60,67,82,48680,2532,3794
0.5,0.21,90,3.006,734502,734411,90,428,422,211964,19152,14173
0.43,0.164,77,4.007,734502,734411,79,552,420,496500,24744,21191
0.48,1.002,42,7.038,734502,734412,45,90,84,74524,4753,2747
0.35,2.704,13,18.71,734494,734413,26,30,16,26868,1025,1271
0.43,3.003,16,14.919,734492,734414,22,26,20,17032,763,949
0.48,0.061,85,3.005,734502,734411,87,1484,1394,779508,65182,54075
0.58,0.485,72,5.008,734502,734412,82,238,328,190048,11710,11680
0.41,1.193,32,5.019,734501,734433,42,57,40,65664,2089,1184
0.45,3.389,13,23.982,734490,734429,16,18,15,7376,474,526
0.55,0.779,60,4.019,734501,734411,61,95,116,76528,3828,4030
0.67,1.577,35,10.931,734497,734412,39,27,54,29008,1324,2704
0.47,0.188,65,4.01,734502,734411,73,480,423,214484,22023,14154
0.42,5.408,10,24.974,734494,734413,13,15,11,9608,508,426
0.48,0.491,68,4.009,734501,734411,69,181,169,93316,7351,5960
0.45,3.79,20,19.954,734499,734412,24,23,19,196908,784,909
0.54,0.73,61,5.017,734502,734411,63,108,125,53736,4473,3703
0.44,2.026,30,9.035,734501,734416,30,41,32,80204,1607,1146
0.56,1.077,41,6.185,734499,734411,44,64,82,69228,2225,2981
0.49,0.079,90,3.003,734502,734411,94,1140,1083,590316,54743,43293
0.46,5.816,13,20.213,734498,734411,14,15,13,60200,779,651
0.48,0.193,79,3.003,734500,734411,79,461,424,248656,23933,15984
0.48,0.443,69,4.016,734501,734411,75,202,188,139548,10561,9090
0.54,0.701,56,4.012,734499,734411,56,107,126,96448,3554,5416
0.51,0.255,81,3.01,734500,734412,84,332,346,234164,15995,14122
0.45,0.303,73,4.017,734502,734411,75,292,243,155312,14017,10160
0.47,1.304,33,7.884,734497,734424,41,56,50,60692,2443,3008
0.48,0.316,61,5.058,734499,734411,64,280,263,166056,14131,10682
0.53,0.352,77,3.01,734502,734414,80,225,250,137896,8096,9836
0.47,1.176,43,5.018,734500,734411,48,72,63,34412,4129,1701
0.47,0.762,54,4.017,734501,734412,60,117,104,45772,4639,2894
0.48,1.051,44,8.073,734500,734411,46,84,76,60132,4295,2571
0.52,0.689,56,6.196,734500,734412,57,116,128,99984,3813,5203
0.48,0.895,53,5.033,734501,734411,55,101,93,61204,4131,3772
0.46,1.027,40,7.703,734494,734413,43,78,66,44068,3225,2126
0.48,0.389,61,6.019,734500,734411,61,229,208,132548,10556,8212
0.48,0.772,53,9.039,734501,734411,54,117,107,52736,6800,3710
0.44,2.522,26,11.072,734499,734411,27,35,27,28960,1875,1486
0.47,0.665,51,11.033,734501,734411,52,136,122,65852,6269,4120
0.46,2.003,27,13.047,734500,734412,29,43,37,15588,2813,1443
0.52,1.39,33,8.033,734498,734412,39,57,62,44968,2263,2401
0.48,0.828,54,9.028,734501,734411,55,109,99,56748,5430,2624
0.47,1.605,33,7.909,734499,734411,33,55,48,36256,2222,1551
0.44,2.1,23,11.051,734499,734413,24,41,32,21208,2431,784
0.47,1.484,33,9.167,734500,734417,39,55,49,16068,2231,1173
0.49,0.581,59,4.004,734499,734411,62,149,142,86236,7378,5302
0.46,1.016,49,7.917,734500,734411,49,88,75,99524,4648,2727
0.57,1.263,43,10.926,734499,734412,44,52,69,126920,1547,3931
0.46,1.531,33,6.708,734495,734417,36,51,44,66816,1615,3157
0.45,1.158,44,5.018,734501,734411,44,78,63,37076,3593,2523
0.49,0.286,74,3.864,734499,734412,76,302,288,301856,11866,18312
0.47,0.319,77,3.008,734500,734411,81,267,235,120108,11751,10901
0.47,0.938,45,6.859,734496,734411,46,91,82,66072,3166,2680
0.42,1.243,30,10.889,734492,734415,41,62,44,16580,4258,1299
0.48,0.278,82,3.008,734501,734411,85,323,302,160076,14024,10843
0.47,1.116,44,5.022,734501,734411,45,81,71,45816,3613,2159
0.48,0.491,55,4.028,734499,734411,65,180,163,70316,6809,5546
0.38,4.227,12,31,734490,734414,14,18,11,7160,461,410
0.38,0.612,46,7.023,734500,734411,56,145,88,81284,5222,5109
0.53,1.103,47,6.015,734500,734411,49,73,81,59972,3173,3081
0.54,1.383,39,7.022,734502,734415,41,54,63,46704,2276,1797
0.37,2.178,19,22.121,734500,734413,24,40,23,32396,1506,491
0.48,0.295,81,4.013,734500,734411,81,300,279,172308,12258,9021
0.51,1.05,50,6.013,734500,734412,51,80,84,81784,2832,3998
0.51,0.573,61,5.019,734500,734411,63,151,156,76464,7681,5361
0.48,0.505,64,5.014,734500,734411,67,177,166,93192,8073,5845
0.49,0.59,61,5.015,734502,734411,61,153,148,95424,7449,6771
0.47,0.621,52,7.019,734500,734412,56,141,123,123240,5917,7817
0.43,2.029,25,15.07,734491,734416,29,36,27,24960,1452,1225
0.44,0.812,55,4.84,734500,734411,58,109,85,77216,4667,3331
0.36,1.469,16,9.079,734495,734426,33,47,26,24800,1870,1127
0.51,0.745,58,4.015,734502,734412,66,117,121,76864,4596,4915
0.43,1.063,41,5.017,734499,734412,44,82,62,60128,3982,2082
0.45,0.255,62,6.019,734502,734411,65,359,292,192648,14560,12901
0.52,0.883,49,6.019,734500,734411,55,93,101,38924,3792,2792
0.46,1.193,37,18.108,734499,734411,37,74,64,39592,3950,2563
0.51,0.465,72,3.009,734500,734411,76,184,192,122976,7992,7121
0.39,1.44,24,10.034,734496,734414,35,57,37,21276,2702,768
0.43,1.441,38,13.065,734500,734411,41,62,47,45140,1651,1253
0.48,1.276,40,10.903,734500,734411,44,70,64,111728,3058,3239
0.48,0.621,55,12.043,734500,734411,60,144,134,125896,8176,8100
0.49,0.98,52,6.011,734500,734412,54,90,87,53892,4358,3398
0.48,0.522,62,4.016,734500,734411,67,170,158,175928,6079,10936
0.44,0.236,73,4.017,734500,734411,75,379,299,167956,13861,12924
0.48,1.003,46,9.029,734500,734411,50,89,81,85892,5576,2465
0.52,1.428,34,10.03,734501,734414,38,57,61,31576,1951,1639
0.47,1.464,27,13.669,734488,734412,37,52,47,60260,1873,1344
0.46,2.414,27,9.028,734500,734411,29,37,32,23808,1381,865
0.51,0.321,76,3.011,734502,734411,82,275,284,159032,11526,11018
0.49,1.027,55,5.016,734501,734411,57,88,83,60288,3100,2217
0.48,0.329,58,10.033,734501,734411,61,275,252,226924,12989,11909
0.49,0.791,47,5.012,734500,734411,58,112,109,100948,4131,3256
0.49,0.622,60,8.031,734499,734411,62,142,135,94456,5314,5128
0.51,0.499,66,4.01,734502,734411,69,174,183,116128,8735,6950
0.49,0.377,76,3.032,734500,734411,80,237,227,187624,12425,10354
0.48,0.174,78,3.008,734500,734411,78,513,479,301168,23823,14784
0.49,0.583,61,5.019,734501,734411,65,155,148,74160,9322,4885
0.48,0.756,51,4.026,734500,734411,65,118,111,120052,4976,6360
0.5,0.19,85,3.008,734502,734411,89,481,472,250640,20616,17834
0.49,0.138,86,3.006,734501,734411,87,653,635,341860,26389,24432
0.53,0.739,59,5.018,734500,734411,59,106,121,77152,4629,3798
0.46,0.617,56,5.892,734500,734412,61,143,124,62488,7966,4407
0.46,0.816,52,5.031,734500,734412,58,108,91,131172,6170,4219
0.52,0.421,65,4.026,734499,734411,70,191,210,157680,10017,9451
0.51,0.571,71,3.009,734502,734412,71,153,158,88688,6226,5141
0.48,0.692,60,4.013,734502,734411,66,132,122,72976,5761,3759
0.49,0.176,80,3.008,734500,734411,82,509,494,285096,22123,16403
0.45,1.323,38,7.92,734502,734411,47,69,56,76340,2493,1833
0.51,0.643,59,4.01,734500,734411,65,131,139,81596,5881,5199
0.46,0.6,58,6.019,734500,734412,66,147,127,95100,7316,5234
0.5,0.152,82,3.008,734502,734411,84,602,602,386600,26600,21524
0.48,0.294,82,3.008,734502,734411,82,311,292,197948,13527,11952
0.48,0.628,65,3.828,734501,734411,68,144,133,102540,7780,4179
0.48,0.347,76,3.028,734500,734411,78,256,236,137784,12629,8153
0.47,0.168,32,29.999,734481,734411,36,418,376,248800,16884,15338
0.5,0.208,54,4.01,734501,734442,59,284,286,192456,13827,9891
0.48,0.364,76,3.036,734502,734411,78,251,233,149944,11221,9886
0.49,0.397,74,3.01,734500,734411,78,225,212,141548,8215,7032
0.48,0.215,84,3.009,734500,734411,89,415,382,244028,18283,13405
0.5,0.213,86,3.006,734502,734411,87,425,428,340612,18812,17060
0.48,0.603,61,7.024,734500,734411,64,148,137,80004,5497,4761
0.49,0.239,83,3.013,734502,734412,86,378,366,312856,16358,15876
0.51,0.213,86,3.008,734502,734411,87,421,430,240604,21364,15435
0.48,0.179,82,3.006,734502,734411,87,511,476,357484,20629,21635
0.52,0.889,51,6.019,734496,734411,52,90,96,59860,5209,4013
0.48,0.159,88,3.006,734502,734411,88,575,539,303940,25867,21133
0.5,0.335,68,4.01,734501,734412,79,262,266,156488,11078,10324
0.51,0.181,82,4.008,734502,734411,83,487,504,358964,21051,22754
0.43,2.42,23,22.973,734501,734414,29,36,27,24744,1609,877
0.57,4.299,17,10.883,734501,734411,21,16,21,44272,1149,655
0.46,1.062,49,6.031,734502,734415,50,82,71,79492,3775,2678
0.49,0.394,78,3.013,734502,734411,80,231,225,175292,9252,10027
0.52,0.762,57,4.015,734499,734411,60,105,116,75764,5858,4436
0.47,0.356,68,3.01,734501,734411,78,254,223,117368,11651,7527
0.49,0.411,68,4.01,734501,734411,79,220,212,96464,10860,8020
0.52,0.574,65,5.018,734499,734411,68,143,154,120660,6722,5769
0.43,1.393,35,9.05,734501,734412,35,64,48,20648,2664,1397
0.49,0.411,76,5.011,734501,734411,79,220,211,111504,9272,6797
0.43,1.157,36,8.917,734501,734411,46,78,60,100296,3283,2364
0.5,0.417,69,4.005,734502,734411,75,215,219,95880,8315,7006
0.44,3.003,15,13.189,734497,734416,21,27,21,23412,1398,714
0.53,1.254,40,7.016,734501,734411,43,64,72,47776,2446,3255
0.5,0.228,84,3.008,734502,734411,86,394,401,227388,19875,16357
0.45,2.128,32,9.063,734498,734413,34,40,33,48656,2845,2144
0.47,1.493,30,8.879,734494,734412,36,55,48,34548,2275,1859
0.4,2.107,17,13.908,734490,734431,21,28,19,20084,1023,637
0.43,1.385,30,8.023,734498,734415,42,60,45,39452,2955,2137
0.53,0.783,46,4.014,734501,734415,54,96,110,87756,4127,4526
0.48,0.421,72,4.013,734502,734411,76,217,198,96552,10321,6387
0.49,0.812,50,5.033,734500,734411,54,110,104,66724,5779,3647
0.46,2.053,28,7.025,734499,734411,29,43,37,18916,1894,1018
0.5,0.72,57,5.019,734500,734411,68,124,124,88172,7456,5492
0.42,1.932,21,12.896,734499,734416,33,43,31,25388,1896,1465
0.48,1.256,43,6.875,734496,734412,44,67,62,33892,3846,2553
0.55,0.93,50,13.066,734501,734411,52,80,97,87700,4831,4504
0.5,1.197,42,8.022,734501,734412,46,75,75,43492,4384,2761
0.46,2.153,29,12.317,734500,734414,29,40,34,35484,1247,1435
0.46,1.75,39,9.102,734500,734411,39,51,44,40088,2124,2110
0.47,0.716,60,5.01,734498,734411,62,122,110,64252,5911,3847
0.47,1.747,27,14.924,734497,734415,31,47,42,66308,1982,1953
0.47,0.652,63,4.015,734500,734411,65,137,122,68512,7288,4087
0.51,1.016,39,7.026,734498,734411,53,84,86,51828,6919,2656
0.47,1.003,50,6.025,734499,734411,54,88,79,40864,6669,1897
0.5,0.403,76,3.013,734501,734411,83,216,214,90196,13743,7278
0.47,0.764,49,6.013,734500,734411,58,117,104,42480,6054,2920
0.52,0.9,55,4.262,734500,734412,59,90,98,81324,4693,4611
0.49,0.696,59,7.016,734499,734411,60,127,122,69772,7530,4419
0.47,3.124,20,15.069,734493,734415,20,25,22,31124,820,641
0.47,3.799,18,16.33,734498,734411,18,23,20,34448,1315,625
0.45,1.028,43,11.035,734499,734411,49,86,69,63620,4398,2197
0.47,1.227,39,8.035,734500,734413,43,71,63,44104,2876,1582
0.52,0.939,47,6.022,734501,734412,49,87,95,94612,3815,4361
0.47,0.323,75,4.015,734500,734411,76,277,246,195440,13800,10166
0.49,0.395,73,3.013,734501,734411,73,228,221,182072,9593,9924
0.51,0.443,69,3.008,734501,734411,72,196,204,128892,10844,7457
0.46,0.286,82,3.012,734501,734411,83,377,317,144736,14587,10640
0.52,0.478,64,4.011,734500,734411,71,174,187,131064,8899,9093
0.5,0.391,68,3.007,734499,734411,78,223,226,197160,14629,12840
0.47,1.219,42,7.02,734498,734414,43,69,61,35624,3780,2479
0.43,3.816,15,19.964,734492,734412,19,21,16,9792,982,492
0.48,1.077,48,10.871,734498,734413,51,79,73,134836,2581,3391
0.47,0.801,46,7.019,734499,734415,54,105,94,77024,3633,4592
0.45,1.391,32,7.041,734500,734418,40,59,49,46576,2303,1863
0.46,2.935,21,12.865,734498,734413,24,29,25,46048,2037,924
0.51,0.217,78,3.006,734500,734411,88,397,411,295116,20038,21108
0.5,1.208,49,5.021,734500,734412,51,72,73,73048,2712,3286
0.48,0.859,53,6.019,734500,734411,58,104,97,96348,6296,5979
0.49,0.279,79,3.006,734501,734411,80,324,310,187148,17061,11045
0.51,0.608,61,6.04,734500,734411,61,142,147,98096,11947,5644
0.52,0.519,61,5.023,734501,734411,65,163,174,124408,16578,7627
0.48,0.575,57,6.022,734502,734411,67,159,148,107212,15259,5760
0.48,0.592,54,4.01,734499,734411,65,149,136,48724,19291,3671
0.52,0.593,71,3.014,734502,734411,78,145,154,70228,17219,5405
0.48,0.403,66,6.017,734500,734412,73,219,206,82388,18969,5379
0.47,0.58,62,3.257,734500,734412,70,152,136,117052,9025,6086
0.45,1.092,48,7.017,734500,734416,59,77,64,70684,7989,1794
0.44,3.105,13,12.049,734496,734437,15,19,15,8808,1594,475
0.52,1.548,35,7.024,734498,734413,38,50,55,66844,6119,2438
0.48,0.485,63,4.015,734500,734411,72,184,171,127924,18503,7216
0.49,0.325,78,3.011,734502,734411,82,281,265,182824,25226,12967
0.45,5.418,10,25.119,734500,734435,11,12,10,25868,488,271
0.52,0.464,30,39.258,734481,734411,31,219,236,134152,19683,8680
0.51,0.29,56,3.024,734502,734442,58,203,208,128412,8633,8025
0.42,2.848,17,17.942,734500,734426,21,26,19,37792,2851,924
0.49,0.501,63,3.013,734501,734413,67,170,162,95456,15502,5810
0.53,0.857,46,7.027,734499,734411,57,93,103,76052,14717,3510
0.48,1.21,43,6.021,734501,734414,46,68,64,23508,9835,1993
0.53,0.632,52,6.019,734501,734411,59,129,143,72628,9865,5198
0.51,0.961,54,6.026,734501,734411,54,90,94,88336,11048,4630
0.49,0.852,52,4.01,734501,734411,57,104,100,105812,7978,5924
0.47,2.722,24,16.066,734502,734415,25,31,28,76188,2469,932
0.52,1.335,39,8.034,734501,734413,43,60,66,92384,4362,4143
0.48,0.729,52,6.047,734499,734416,54,114,104,52860,9378,3978
0.48,0.519,55,4.017,734500,734412,63,165,154,104708,18796,8115
0.49,0.246,67,3.015,734502,734411,82,367,356,159992,37395,11584
0.51,0.594,68,4.14,734501,734411,72,145,152,80004,18724,6472
0.44,1.883,32,7.176,734501,734411,36,48,38,84152,5663,1374
0.42,2.487,19,12.061,734501,734419,27,33,24,41328,2499,755
0.51,0.606,48,4.03,734501,734411,69,144,149,93436,16856,6798
0.46,3.549,15,23.093,734494,734416,16,22,19,10024,3341,386
0.5,0.288,80,3.007,734501,734411,82,311,305,202684,23018,14801
0.5,0.523,67,5.014,734500,734411,67,167,164,109796,11403,7829
0.44,3.58,15,10.898,734499,734431,16,19,15,26972,865,519
0.5,2.837,24,14.046,734499,734414,25,27,27,22596,1962,786
0.42,0.471,63,4.004,734500,734412,70,186,132,77880,10348,5188
0.45,2.594,19,10.034,734499,734429,23,27,22,13984,2359,903
0.54,0.607,70,4.013,734500,734411,76,127,147,87144,4680,6013
0.29,0.28,63,6.024,734500,734414,71,304,122,48092,16405,3127
0.54,1.016,11,7.026,734484,734426,13,12,14,6068,302,289
0.5,1.003,6,6.025,734500,734429,6,6,6,52676,173,337
0.44,2.609,15,25.945,734491,734431,19,22,17,25500,1252,399
0.32,0.559,42,9.023,734500,734414,58,153,73,31044,7615,2002
0.55,4.475,15,14.926,734491,734415,17,14,17,29656,802,933
0.36,0.161,86,3.007,734502,734411,89,564,324,281544,30669,15466
0.4,0.313,65,4.013,734502,734415,79,272,183,92640,11806,6328
0.62,1.502,34,11.917,734501,734417,37,34,56,23776,1675,1772
0.39,0.433,58,5.011,734499,734415,69,193,125,97144,11140,3731
0.42,0.176,80,3.005,734501,734411,87,505,368,203612,23292,14585
0.42,3.473,12,18.082,734498,734446,14,15,11,116216,503,225
0.53,6.402,8,20.972,734495,734431,10,9,10,17448,423,913
0.43,0.208,41,13.041,734499,734411,43,424,317,270260,13115,17338
0.5,8.572,7,21.967,734485,734425,7,7,7,17772,316,241
0.47,0.105,89,3.005,734502,734411,89,859,747,377068,40462,28241
0.43,4.251,11,24.21,734502,734434,15,16,12,10052,1350,388
0.5,6.506,12,19.955,734496,734418,16,12,12,8748,414,544
0.42,0.635,47,5.022,734499,734414,55,134,99,45152,6517,3032
0.54,5.808,14,21.081,734500,734413,18,13,15,141492,688,556
0.47,1.768,33,9.046,734500,734417,34,47,42,110204,2508,1218
0.45,3.338,15,12.045,734493,734413,15,24,20,15988,942,629
0.43,1.267,43,5.024,734499,734413,43,68,52,20836,3456,1478
0.53,0.112,83,3.006,734501,734411,87,721,806,471456,32926,34807
0.43,0.108,87,3.003,734502,734411,88,846,639,380480,38847,26502
0.43,1.405,35,9.038,734500,734413,41,62,46,20712,2891,1562
0.46,1.787,35,9.026,734500,734411,39,50,42,26884,1971,1598
0.46,5.468,8,27.132,734484,734413,12,13,11,10156,325,225
0.41,3.715,15,21.955,734485,734411,17,20,14,16784,740,682
0.55,9.331,7,63.022,734478,734429,11,10,12,177716,609,473
0.58,4.505,16,13.049,734496,734415,18,13,18,26036,463,523
0.51,1.794,34,8.025,734499,734413,34,47,48,58844,1760,1781
0.46,1.579,27,13.044,734499,734417,37,52,44,308016,2109,2204
0.52,0.076,90,3.006,734502,734411,90,1103,1199,869728,49846,52868
0.49,0.811,56,4.022,734499,734411,63,109,106,180092,4445,10360
0.46,0.32,73,5.011,734500,734411,78,279,233,111364,10942,8460
0.49,0.066,90,3.005,734502,734411,93,1373,1342,893164,67732,65502
0.51,0.156,86,3.008,734502,734411,87,565,585,320176,23589,23086
0.51,4.794,14,16.945,734497,734411,17,17,18,73540,1477,591
0.47,3.63,18,16.065,734501,734414,22,24,21,25908,1271,639
0.46,0.268,76,3.009,734501,734411,77,337,284,130812,11991,9787
0.53,1.237,37,12.054,734496,734411,38,61,69,123804,3058,3597
0.45,0.158,82,3.009,734502,734411,87,576,467,273516,27023,16167
0.53,1.075,44,7.024,734501,734411,48,75,84,83328,2932,3316
0.47,1.458,37,7.026,734501,734418,37,57,51,64168,2782,2053
0.53,0.136,87,3.008,734502,734411,89,597,672,396164,21655,23128
0.48,0.18,84,3.008,734502,734411,86,508,473,219848,18245,16133
0.49,0.386,70,3.266,734501,734411,71,234,227,146152,8396,11000
0.53,0.496,66,3.022,734501,734411,70,159,182,156696,16878,11093
0.59,0.196,78,3,734500,734411,85,313,456,277040,13736,19856
0.45,4.44,12,17.066,734500,734429,14,16,13,7324,658,323
0.44,8.01,9,32.024,734494,734414,13,10,8,55456,280,288
0.39,2.565,15,12.119,734500,734441,20,23,15,14528,1067,684
0.53,2.076,30,9.031,734500,734415,34,37,41,36768,1325,1288
0.39,2.355,20,11.853,734497,734417,28,34,22,31980,2821,639
0.45,0.203,84,3.005,734501,734411,88,445,364,254252,16380,16057
0.54,1.869,32,7.034,734500,734416,35,39,45,173536,2358,1406
0.61,0.901,45,5.044,734498,734411,49,62,97,145484,2164,4572
0.4,0.573,51,4.883,734500,734411,65,156,105,112776,5901,4036
0.53,0.992,44,6.043,734498,734411,45,77,88,150252,5121,4412
0.45,4.053,16,20.098,734500,734415,17,21,17,30172,818,917
0.5,0.102,89,3.003,734502,734411,90,883,896,614760,52773,43326
0.4,0.138,86,3.007,734500,734412,88,631,414,294532,38054,21941
0.6,0.246,77,3.009,734501,734411,77,242,367,281868,11760,19693
0.49,0.193,84,3.008,734500,734411,87,455,434,310128,21970,23062
0.51,1.039,44,8.034,734500,734411,49,84,86,79684,3385,4555
0.41,3.211,18,15.935,734502,734425,22,24,17,22136,943,853
0.44,4.053,4,20.098,734499,734412,5,5,4,12752,208,28
0.54,5.004,13,13.067,734498,734423,13,13,15,12160,602,730
0.45,1.787,25,11.888,734491,734416,29,41,34,71996,2916,1291
0.49,2.052,22,13.044,734499,734417,28,39,37,93760,3135,1369
0.5,2.075,34,7.031,734500,734413,38,41,41,36160,2017,2347
0.42,0.718,48,5.02,734499,734413,58,118,87,54844,9551,3513
0.43,1.547,32,16.072,734499,734414,37,55,42,90392,1611,3288
0.5,0.422,76,3.01,734501,734411,77,211,209,151304,11320,12470
0.4,0.156,85,3.008,734501,734411,86,569,372,222164,28028,17633
0.41,4.888,13,31.006,734500,734417,14,17,12,6492,479,318
0.46,3.909,16,26.991,734500,734418,19,21,18,21600,779,1145
0.48,2.297,18,16.931,734490,734428,21,26,24,146764,1204,4733
0.49,2.004,32,9.042,734498,734412,35,40,39,29148,2100,1658
0.5,5.792,12,17.96,734499,734418,16,14,14,31328,816,523
0.48,3.531,12,17.056,734476,734423,13,14,13,49328,561,1396
0.54,2.075,26,12.943,734499,734412,29,36,42,22740,2247,1717
0.43,0.079,87,3.009,734501,734411,90,1093,813,419220,55636,29496
0.52,4.88,12,16.136,734496,734418,13,15,16,8808,831,670
0.49,0.461,65,5.014,734501,734411,75,192,188,95164,10319,6866
0.42,0.335,78,3.01,734501,734411,81,262,191,82268,13082,5883
0.44,4.053,4,20.098,734499,734412,8,8,8,4904,389,286
0.44,5.799,8,14.951,734499,734441,9,10,25,39400,282,310
0.45,2.779,19,13.041,734498,734412,21,31,13,11240,1467,542
0.48,5.435,14,17.949,734490,734414,18,14,19,27884,653,286
0.41,2.445,16,12.048,734493,734427,18,27,11,30836,948,617
0.38,4.226,12,14.065,734493,734417,16,18,42,35372,727,497
0.56,1.955,31,8.077,734500,734418,32,33,40,30848,1670,1796
0.58,0.369,81,3.007,734500,734412,85,174,239,464776,7107,8251
0.57,2.182,28,8.069,734499,734414,29,30,39,29848,1575,1759
0.47,0.648,53,5.014,734499,734413,62,130,114,73728,6332,5029
0.52,0.648,57,6.015,734500,734411,61,123,135,108608,5150,7292
0.44,4.215,15,12.04,734496,734416,16,19,15,45308,453,435
0.46,0.038,90,3.002,734502,734411,90,2267,1934,1126416,101000,85462
0.44,1.9,29,13.058,734500,734411,32,44,34,41136,2096,974
0.57,6.789,10,29.999,734499,734411,10,10,13,6088,410,375
0.58,3.525,17,16.869,734499,734418,21,17,23,20364,621,870
0.5,0.316,75,4.013,734502,734411,77,283,287,166452,14195,11502
0.56,1.535,23,25.97,734481,734412,28,35,45,48168,1161,1427
0.61,0.522,66,4.01,734502,734411,71,113,175,187508,5341,8964
0.52,2.932,21,17.08,734499,734417,22,26,28,22076,956,1327
0.43,1.825,29,8.03,734496,734414,31,45,34,24872,2048,1694
0.51,3.261,24,12.059,734502,734411,24,25,26,18344,1136,1049
0.5,0.396,75,4.006,734501,734411,78,225,226,156748,10398,9240
0.4,0.116,89,3.008,734502,734411,89,775,521,465728,33665,19466
0.46,3.502,18,15.074,734499,734429,21,20,17,12108,1350,553
0.57,5.52,16,24.116,734499,734411,17,12,16,10440,678,367
0.47,2.682,24,16.938,734488,734413,24,28,25,15312,2061,688
0.59,0.617,66,5.02,734500,734412,67,100,143,107084,5035,5391
0.45,0.062,90,3.008,734502,734411,94,1454,1167,742004,74789,49437
0.54,1.648,33,12.902,734492,734413,37,41,48,31324,1443,1767
0.45,1.742,30,14.925,734501,734414,36,50,41,60972,2742,1383
0.55,2.238,28,7.05,734498,734411,29,32,39,15792,1197,1343
0.51,0.343,79,3.008,734502,734411,81,253,266,237708,11916,13477
0.49,0.432,70,4.011,734500,734411,77,204,193,131212,12287,9818
0.54,2.175,35,9.051,734502,734411,39,36,42,27532,1315,1642
0.43,0.256,83,4.013,734502,734411,85,344,259,157040,16187,11060
0.52,1.603,30,8.037,734500,734412,35,51,55,113676,2564,1913
0.5,0.439,78,3.012,734501,734412,80,197,199,135132,8489,9306
0.41,4.064,9,29.002,734490,734425,14,16,11,15084,614,361
0.48,2.592,23,23.113,734502,734414,29,33,30,23140,1836,1182
0.51,3.437,21,9.29,734500,734411,25,25,26,20572,1030,894
0.62,0.2,85,3.008,734501,734411,89,272,451,291856,12436,19904
0.47,1.468,30,10.049,734499,734414,36,56,50,29344,2712,1632
0.47,2.935,22,11.045,734498,734413,23,29,26,24596,1041,1570
0.57,4.206,19,8.032,734497,734413,21,15,20,31976,2537,558
0.51,1.207,41,7.022,734502,734414,44,71,73,112788,2349,2839
0.55,0.525,64,5.018,734502,734411,68,145,174,137444,7487,8029
0.45,1.385,31,8.912,734497,734414,36,59,49,90072,2339,1463
0.49,1.532,41,7.018,734501,734411,42,59,56,39140,3529,1709
0.4,0.472,59,6.881,734502,734412,73,189,128,120840,9309,6381
0.49,0.152,88,3.009,734502,734411,92,591,576,285176,32547,19335
0.52,0.547,73,3.013,734500,734411,81,148,163,56324,5242,4177
0.49,0.178,82,3.009,734502,734411,86,507,486,223436,26457,15612
0.48,0.782,55,6.028,734499,734411,59,111,102,90540,5434,5736
0.53,0.368,81,3.01,734502,734411,84,223,248,140936,10323,9615
0.49,0.822,52,6.009,734501,734411,62,108,105,228368,5390,4683
0.42,2.246,20,14.06,734500,734417,28,37,27,14160,960,581
0.4,0.427,60,5.014,734499,734411,68,204,137,61356,8917,4979
0.47,0.992,43,6.019,734499,734411,52,88,77,47192,4203,2942
0.44,9.569,8,35.036,734500,734414,9,9,7,30452,235,556
0.57,2.008,29,8.118,734501,734411,30,34,45,37972,1986,2195
0.48,0.089,88,3.003,734501,734411,89,989,903,442848,45250,35396
0.44,1.178,38,8.033,734499,734412,43,72,56,25168,2183,1568
0.42,2.28,26,22.959,734500,734418,28,36,26,109788,1293,1461
0.59,1.41,39,6.688,734495,734412,40,41,59,63744,1482,1468
0.5,0.493,68,4.004,734502,734412,73,178,175,90688,8224,5690
0.56,1.985,26,13.042,734500,734411,29,35,45,35480,1293,1642
0.46,4.691,14,18.094,734498,734423,15,15,13,15656,385,423
0.5,1.576,33,12.943,734498,734413,38,52,52,32264,2845,1634
0.42,0.118,89,3.01,734501,734411,92,748,543,328132,35099,22137
0.46,0.262,81,3.007,734500,734411,86,337,291,200480,13467,12793
0.53,1.722,36,9.039,734499,734413,39,45,50,32292,1796,2193
0.58,1.676,37,9.916,734499,734412,37,38,52,32212,1407,1983
0.49,0.864,56,4.02,734500,734412,60,98,94,68484,4259,2825
0.34,0.784,39,5.016,734500,734411,53,113,59,39408,5126,1882
0.52,0.416,72,4.015,734500,734411,77,202,215,116424,7833,8202
0.53,0.587,65,4.016,734500,734411,71,134,152,130684,6101,5115
0.47,3.485,20,15.05,734500,734413,22,24,21,16464,1131,562
0.46,1.131,47,8.049,734500,734411,47,75,64,83872,3331,2270
0.53,0.676,58,5.894,734499,734412,62,113,129,97208,5222,6195
0.48,1.309,43,9.039,734501,734411,44,66,62,34972,3162,2389
0.43,3.132,17,17.058,734500,734428,20,23,17,49460,806,522
0.52,0.293,76,3.009,734500,734411,77,284,305,165100,11781,12804
0.54,1.04,45,7.028,734496,734411,45,71,82,110236,2820,2838
0.51,0.247,85,3.009,734502,734411,87,359,370,179816,19643,12698
0.45,1.025,42,5.017,734500,734412,46,86,69,32104,2935,2740
0.43,1.647,34,8.868,734498,734411,38,53,40,74820,2138,1433
0.51,0.418,86,8.049,734502,734411,86,349,369,183288,14938,12428
0.45,2.652,17,12.049,734500,734439,18,23,19,23612,588,713
0.51,0.165,82,3.006,734500,734411,89,518,541,243860,22423,17770
0.58,1.963,29,11.033,734499,734411,29,33,45,35340,1802,1952
0.54,2.134,26,10.042,734495,734414,28,32,38,22912,1283,1456
0.45,0.176,87,3.01,734501,734411,89,503,410,193560,25469,13858
0.44,1.448,42,7.701,734501,734412,46,60,48,20032,2210,1319
0.49,0.608,59,6.015,734500,734412,69,140,134,72812,7172,3386
0.49,0.894,52,5.017,734500,734411,59,99,95,43620,5592,2775
0.41,3.868,15,14.064,734500,734415,19,22,15,36176,1100,1309
0.35,1.377,32,11.927,734500,734412,35,64,35,22452,2427,1121
0.37,2.213,20,10.035,734500,734416,27,38,22,73108,1915,569
0.43,1.927,24,8.034,734500,734423,30,39,29,31612,1049,1119
0.48,0.604,67,6.037,734500,734411,68,147,134,117192,6473,7099
0.18,1.278,13,19.09,734502,734419,34,65,14,9288,3061,616
0.55,0.56,63,4.115,734501,734411,64,131,161,177276,6002,7633
0.46,1.362,35,6.897,734498,734415,42,61,53,105168,2650,3865
0.49,0.18,89,3.005,734502,734411,93,495,475,255100,20208,17890
0.5,0.809,61,3.03,734500,734412,66,102,102,112744,5377,4372
0.53,0.865,52,4.018,734499,734411,56,90,102,101732,3176,3867
0.44,2.882,18,16.955,734499,734427,21,25,20,194716,1898,654
0.47,0.25,86,3.008,734501,734411,88,355,319,337620,17057,13464
0.49,0.357,76,4.008,734501,734411,79,249,236,300304,9141,11209
0.42,1.117,41,11.048,734501,734414,51,75,54,56544,2700,2083
0.49,0.217,73,7.017,734500,734411,73,403,393,203336,20375,13965
0.5,0.201,81,3.009,734501,734411,86,447,440,206692,21096,13913
0.48,0.072,87,3.006,734502,734411,89,1249,1149,682884,63996,49406
0.46,0.062,89,3.005,734502,734411,89,1456,1249,634984,71638,45143
0.52,0.122,87,3.006,734502,734411,88,698,750,474784,37573,34390
0.46,0.277,78,5.017,734501,734411,81,322,273,162576,15819,9345
0.44,2.364,23,11.055,734500,734415,29,36,28,91128,1412,622
0.47,1.523,35,12.043,734499,734411,40,57,51,84900,1923,1610
0.6,2.162,24,13.915,734494,734412,27,25,38,67808,1059,658
0.45,1.654,28,15.073,734490,734414,39,44,36,28224,2029,937
0.41,1.541,31,8.033,734500,734411,37,57,39,177536,2222,1668
0.49,0.592,61,6.017,734500,734411,64,148,143,332712,5183,5733
0.48,0.131,87,3.004,734502,734411,87,677,632,342408,32970,23977
0.49,0.158,87,3.006,734502,734411,89,561,545,276992,27364,18751
0.53,0.217,81,3.01,734500,734411,88,361,411,436032,14348,15838
0.49,0.6,57,5.892,734500,734411,62,147,139,192100,7399,4324
0.48,0.079,85,3.007,734500,734411,88,1106,1005,702592,51054,37396
0.54,0.051,89,3.002,734502,734411,89,1540,1783,856752,65257,61968
0.45,1.355,28,10.656,734496,734411,40,62,50,27200,2280,1605
0.39,5.576,9,22.094,734498,734420,11,14,9,371612,586,323
0.57,0.053,89,3.002,734502,734411,90,1278,1718,962512,57778,63011
0.46,0.112,88,3.003,734502,734411,92,807,700,344720,36408,28328
0.5,0.064,87,3.003,734502,734411,89,1398,1381,997564,60128,53431
0.5,0.244,87,3.004,734501,734411,89,363,359,227560,19628,11724
0.47,5.131,12,17.944,734496,734414,15,16,14,104216,713,318
0.67,0.035,89,3.002,734502,734411,90,1290,2618,1352196,57448,97844
0.53,0.23,82,3.003,734500,734411,86,348,388,250884,14722,17010
0.47,0.969,50,8.021,734500,734412,52,89,80,50484,2990,2671
0.53,0.047,88,3.003,734502,734411,89,1713,1961,1046880,76548,75608
0.52,0.201,88,3.003,734501,734411,92,416,450,263952,17168,17241
0.47,0.109,87,3.003,734501,734411,89,812,722,650036,33985,27886
0.57,1.235,48,7.014,734502,734412,53,55,73,61036,2744,3665
0.48,0.392,75,3.008,734500,734411,81,223,202,119096,8908,6926
0.44,3.407,18,18.06,734497,734412,22,25,20,212736,1012,995
0.46,1.001,42,6.02,734501,734414,50,81,68,245476,3389,1796
0.48,0.46,62,4.014,734499,734411,70,189,174,224764,6907,7015
0.56,0.051,89,3.005,734502,734411,90,1411,1778,927588,69231,64165
0.47,1.208,42,6.038,734500,734411,44,72,63,34184,3210,1925
0.57,0.982,45,8.035,734500,734411,49,69,91,123740,2709,2906
0.52,0.063,89,3.003,734502,734411,89,1358,1460,780972,68036,55141
0.52,0.058,88,3.006,734501,734411,90,1433,1552,925564,62136,62508
0.45,0.095,86,3.003,734502,734411,89,946,773,697568,42182,32407
0.47,0.201,78,3.01,734500,734411,85,442,395,332016,20841,18122
0.45,1.539,27,12.056,734499,734416,35,51,42,24912,2617,1416
0.49,0.152,87,3.005,734502,734411,88,578,549,355936,30523,23983
0.46,1.205,41,7.016,734501,734412,48,74,63,40232,2544,2682
0.47,0.237,77,3.013,734502,734411,83,378,331,239512,14418,13508
0.55,0.056,89,3.006,734502,734411,93,1342,1636,889328,61442,65292
0.49,0.104,88,3.008,734501,734411,88,856,824,399904,40661,27819
0.48,6.254,11,24.106,734499,734424,12,12,11,24768,476,399
0.44,3.163,18,14.049,734499,734420,22,25,20,34840,1029,439
0.58,1.064,45,8.267,734498,734412,48,58,81,57708,2937,2544
0.52,0.256,76,3.006,734500,734411,83,319,349,179892,13310,11838
0.47,1.625,33,8.898,734500,734414,39,49,43,174632,1618,1367
0.43,2.127,24,13.052,734498,734411,33,40,30,78680,1600,1408
0.49,0.597,63,8.034,734502,734411,72,148,140,94648,5823,6050
0.5,0.413,72,5.017,734502,734411,74,213,214,159992,9937,9163
0.6,0.979,46,7.028,734500,734412,48,59,90,71800,2988,3612
0.66,1.076,46,8.033,734501,734411,52,44,84,78192,1606,3048
0.49,0.072,89,3.008,734501,734411,89,1243,1183,564864,63051,40351
0.58,0.198,83,3.007,734500,734411,86,332,451,265260,16219,16062
0.45,2.346,23,13.829,734500,734425,28,31,25,19772,1181,961
0.54,0.381,69,3.013,734502,734411,77,205,240,106588,9926,7410
0.32,0.188,67,4.011,734500,734412,83,459,219,121536,19317,7903
0.49,0.305,77,3.01,734500,734411,79,288,276,321592,12443,9491
0.55,0.979,54,6.024,734500,734412,57,75,90,92316,2509,3828
0.5,0.196,82,3.006,734500,734411,87,447,442,224916,20336,15215
0.48,0.767,58,6.019,734500,734412,58,114,107,54456,6660,3324
0.37,2.563,18,20.928,734500,734413,29,34,20,11412,1198,398
0.46,2.219,25,14.922,734496,734414,28,36,31,28376,3073,1181
0.49,0.056,89,3.002,734501,734411,89,1592,1503,837452,74359,53561
0.57,0.402,83,14.049,734501,734412,85,294,391,234012,15977,15442
0.4,1.405,19,12.046,734499,734433,34,45,30,56484,1478,1431
0.47,3.552,15,12.099,734500,734429,18,19,17,12040,620,826
0.6,1.314,41,5.018,734500,734411,47,46,68,49480,1588,2271
0.69,1.676,33,12.935,734494,734412,39,22,49,37896,779,2778
0.48,0.129,86,3.008,734502,734411,89,692,647,345596,30625,23916
0.67,4.693,13,23.953,734488,734413,19,8,16,142016,320,373
0.49,0.401,78,3.011,734502,734411,79,222,213,125724,9025,9258
0.47,2.787,23,13.901,734501,734412,26,31,28,103364,998,546
0.56,0.949,50,4.883,734500,734411,52,75,94,72764,2886,3261
0.45,1.493,33,8.024,734501,734416,38,57,47,52252,1808,1455
0.55,0.852,56,5.021,734501,734411,57,88,106,90740,3655,3928
0.48,0.099,90,3.003,734502,734411,92,915,846,448440,48127,32122
0.48,3.677,16,21.082,734499,734411,21,24,22,31544,1112,1665
0.49,0.136,88,3.003,734502,734411,89,647,632,396520,32144,24943
0.49,0.417,79,3.012,734502,734411,82,211,203,145564,10736,9184
0.54,0.638,57,5.013,734500,734411,57,119,140,83248,4707,6394
0.51,0.347,74,3.013,734499,734412,81,238,251,123184,10704,8813
0.46,0.277,85,4.017,734500,734411,86,316,264,159844,15210,10164
0.49,1.217,39,6.013,734497,734424,40,57,54,62140,2971,3323
0.49,0.193,84,3.016,734502,734411,87,467,457,275380,20504,17554
0.56,0.868,48,9.915,734499,734414,50,78,98,45792,3389,2773
0.44,1.568,34,9.051,734500,734411,37,57,44,91488,3065,1842
0.48,0.58,61,3.015,734500,734412,63,151,139,67484,6731,3360
0.49,0.787,51,5.019,734498,734411,60,108,102,74424,5402,3707
0.53,0.545,61,4.012,734499,734412,67,142,160,105616,5329,6264
0.5,0.761,56,6.017,734502,734411,57,114,112,46100,4602,3557
0.47,0.904,48,5.704,734496,734413,57,89,79,50728,3628,3003
0.49,0.276,85,3.008,734500,734411,85,318,302,269336,17248,18956
0.48,0.496,69,3.021,734501,734411,73,180,164,77748,10233,5304
0.48,0.478,68,4.012,734501,734411,68,186,175,83536,8877,5598
0.48,1.362,39,6.032,734499,734412,46,61,57,48240,3559,2390
0.52,1.129,41,8.662,734492,734412,44,66,71,55952,2483,2433
0.49,0.633,58,4.014,734500,734411,61,136,131,61356,6957,3798
0.47,1.353,35,7.028,734500,734411,36,66,59,33068,2659,1875
0.45,1.938,28,8.849,734502,734413,32,46,37,23784,2587,886
0.47,1.294,42,5.015,734501,734417,45,65,58,104680,2692,1941
0.49,0.449,75,4.004,734501,734411,77,200,191,164800,8523,7092
0.47,0.876,53,7.018,734500,734411,57,100,89,53356,4599,3267
0.57,1.301,43,6.022,734499,734412,43,50,67,37284,1732,2381
0.45,2.213,29,10.031,734501,734417,31,38,31,64972,1121,1189
0.46,1.05,46,5.016,734501,734411,50,84,71,26736,4040,1841
0.49,0.245,82,3.01,734502,734412,85,361,351,294428,12658,20441
0.47,0.245,78,3.008,734502,734411,83,368,328,170168,14048,13895
0.49,0.674,55,7.018,734501,734411,61,129,125,131452,5459,6422
0.42,1.278,32,10.81,734498,734415,44,64,47,35032,4509,1234
0.49,0.268,86,3.008,734502,734411,87,334,318,138336,13974,10457
0.46,1.15,37,8.027,734498,734411,46,76,66,35408,2716,1999
0.48,0.452,57,6.019,734502,734411,72,199,185,127676,8706,5954
0.39,4.256,11,26.956,734499,734414,14,20,13,18600,542,348
0.43,0.439,58,7.023,734501,734411,70,199,148,97684,8929,6481
0.53,1.028,49,6.017,734498,734411,50,76,85,66292,4398,3186
0.54,1.227,37,6.019,734502,734415,43,61,71,85992,3339,3184
0.39,1.773,24,13.065,734498,734413,33,48,31,61860,1901,1158
0.49,0.231,78,3.01,734502,734411,83,389,372,182672,14349,12465
0.52,1.147,41,6.016,734499,734412,48,70,76,53428,2835,2905
0.51,0.612,57,6.022,734500,734411,68,141,146,84692,7509,5268
0.49,0.426,71,5.014,734500,734411,74,208,199,109396,8780,7791
0.49,0.385,80,3.011,734500,734411,80,230,225,139980,13073,8530
0.48,0.428,71,3.015,734500,734412,75,202,187,202600,8638,10938
0.42,2.056,22,15.07,734492,734416,28,37,27,33796,1217,662
0.44,0.869,47,6.017,734501,734411,57,102,79,56876,4719,3756
0.35,1.556,20,8.03,734496,734426,31,45,24,35880,1231,1026
0.61,5.935,10,15.107,734499,734416,14,9,14,14416,208,585
0.52,0.726,59,5.009,734499,734412,65,112,120,57568,4501,4650
0.47,0.162,86,3.006,734500,734411,89,549,484,303580,24489,20404
0.49,0.819,55,7.021,734500,734411,59,107,102,80724,4262,4361
0.49,1.038,50,6.044,734501,734411,53,87,85,47448,5373,2982
0.51,0.437,76,3.013,734502,734411,78,199,209,119956,8714,7370
0.41,1.274,34,7.022,734498,734414,44,66,46,98232,2994,1853
0.44,1.418,36,10.028,734500,734411,39,61,48,34188,2663,1777
0.47,1.409,33,8.837,734498,734411,40,62,56,52172,4142,2556
0.49,0.463,68,3.008,734499,734411,68,186,181,138484,10702,9218
0.49,1.062,47,6.011,734500,734412,52,83,80,35648,4635,2327
0.48,0.604,65,3.033,734500,734411,65,146,135,116388,6045,4773
0.43,0.178,82,3.006,734501,734411,88,576,428,224892,22740,17079
0.49,0.627,72,4.017,734501,734411,74,155,151,168788,7181,5436
0.52,1.722,35,8.031,734500,734414,35,46,50,44620,2160,1659
0.48,1.451,31,10.041,734496,734412,42,57,53,42568,1950,1929
0.47,2.084,30,13.919,734492,734411,30,39,34,40696,1529,983
0.48,0.256,84,3.009,734502,734411,84,347,326,211720,14673,11422
0.49,1.004,51,9.03,734501,734411,51,88,85,116248,4698,2774
0.49,0.194,82,3.251,734501,734411,87,457,442,291304,19049,19704
0.5,0.662,57,6.019,734500,734411,65,131,131,77568,5165,4961
0.49,0.617,63,4.016,734502,734411,66,144,141,147316,7389,4855
0.51,0.414,71,3.024,734501,734411,73,207,218,200340,10006,7222
0.5,0.263,80,4.012,734502,734411,86,340,337,182004,17917,12894
0.49,0.125,86,3.008,734502,734411,88,723,696,317152,37861,20993
0.49,0.557,58,7.024,734502,734411,70,161,157,78212,9474,5670
0.49,0.949,46,5.058,734500,734411,55,89,87,63556,3096,2951
0.5,0.165,86,3.008,734500,734411,88,535,532,307248,25481,20451
0.5,0.146,88,3.004,734501,734411,88,614,602,326372,26030,24093
0.54,0.704,55,5.05,734500,734411,61,110,127,172248,4503,4886
0.48,0.527,65,4.054,734502,734412,66,167,152,80028,7936,5624
0.45,0.958,50,8.657,734499,734412,52,90,74,55516,4981,2514
0.53,0.367,72,3.008,734499,734411,81,217,241,192900,11699,10563
0.51,0.642,64,4.013,734501,734412,64,135,139,136884,6031,5060
0.48,0.902,53,7.02,734500,734411,54,98,89,61004,4348,3310
0.5,0.119,90,3.008,734502,734411,94,760,753,386284,32655,26151
0.46,1.48,35,7.856,734501,734411,40,57,48,135228,2661,1136
0.52,0.669,62,3.092,734501,734411,65,126,135,111584,5529,5269
0.47,0.617,54,6.019,734500,734412,64,139,123,64008,6548,3490
0.51,0.142,87,3.008,734502,734411,89,614,643,372536,29690,23215
0.46,0.33,31,29.998,734481,734411,31,213,183,131996,9519,5671
0.48,0.341,73,3.008,734499,734411,76,256,238,124260,13317,8289
0.49,0.112,89,3.003,734502,734411,89,800,777,447780,35388,30952
0.48,0.371,76,3.008,734500,734411,79,237,223,178580,10331,9410
0.48,0.486,66,3.096,734500,734411,75,184,171,159072,6702,6490
0.48,0.285,84,5.013,734502,734411,87,315,286,145580,14941,9825
0.5,0.246,78,4.01,734502,734411,86,366,372,222108,17001,14515
0.48,0.718,50,9.035,734502,734411,59,124,116,88044,5448,3412
0.5,0.305,82,3.013,734502,734412,84,288,284,230508,13338,11720
0.51,0.237,80,3.008,734502,734411,84,368,385,266480,17354,12747
0.5,0.228,80,3.02,734502,734411,85,393,387,298132,15882,21279
0.36,1.778,22,19.076,734501,734414,35,49,28,12496,2037,828
0.52,0.931,50,7.022,734501,734411,53,90,97,59460,4015,3797
0.47,0.269,81,3.006,734501,734411,85,333,300,200804,16151,12511
0.51,0.291,71,3.011,734501,734412,80,297,306,195700,11347,13069
0.51,0.136,87,3.008,734502,734411,90,640,670,475452,30407,30893
0.39,3.445,13,18.941,734500,734414,18,25,16,43052,1084,567
0.55,3.195,21,15.932,734497,734411,25,22,27,31284,1567,789
0.48,1.104,39,6.031,734501,734415,48,73,67,74780,3042,3523
0.49,0.497,64,5.015,734501,734411,70,182,176,178632,8155,9371
0.54,1.13,49,4.9,734501,734411,53,69,80,74388,4714,3921
0.47,0.378,72,3.01,734502,734411,76,235,211,138804,10472,7818
0.52,0.529,64,4.01,734499,734411,67,155,167,71012,6976,6419
0.53,0.627,65,4.014,734501,734411,68,130,144,100976,6383,6057
0.45,1.221,43,5.018,734501,734412,45,71,57,117136,3276,3208
0.5,0.417,72,4.004,734502,734411,75,210,210,128836,9582,7967
0.44,1.358,32,9.035,734499,734411,36,61,47,35732,2995,2133
0.51,0.412,74,3.015,734500,734411,79,208,217,89084,9039,6802
0.43,3.364,17,12.041,734500,734416,20,25,19,15560,1130,740
0.54,1.313,39,10.052,734500,734411,40,58,68,53036,3143,2939
0.51,0.206,82,3.003,734502,734411,86,424,443,221724,20548,16895
0.44,2.375,24,9.063,734496,734413,28,35,28,17588,2342,1318
0.47,1.537,34,7.054,734501,734412,37,57,51,33924,4153,2035
0.43,2.092,22,12.036,734500,734431,22,32,24,37252,1190,2044
0.41,1.698,28,13.931,734493,734415,32,45,31,37488,2827,1158
0.54,0.897,46,6.026,734501,734415,48,82,96,43980,3854,3205
0.47,0.659,46,7.069,734497,734411,48,130,117,70932,5945,3963
0.46,3.144,12,18.96,734493,734427,17,19,16,13368,852,449
0.48,1.039,44,9.032,734499,734411,45,85,78,53496,4209,3121
0.48,1.616,34,9.913,734498,734411,38,52,48,21864,3809,1806
0.5,0.588,56,6.017,734500,734411,60,149,152,104660,8401,6261
0.29,1.751,5,19.955,734451,734416,12,20,8,14472,913,161
0.49,1.191,52,6.016,734500,734412,57,72,69,34932,4298,2801
0.54,0.866,53,5.014,734500,734411,57,86,103,84164,3262,4318
0.44,1.088,38,9.253,734500,734412,46,80,64,41544,5172,2536
0.46,2.519,23,9.687,734492,734414,23,31,26,17816,947,915
0.48,1.05,56,6.034,734500,734411,58,84,78,58576,3245,3819
0.48,0.818,50,6.018,734499,734411,52,106,97,87424,6088,3976
0.47,1.676,21,15.674,734487,734415,27,43,38,48588,1563,1976
0.48,0.635,64,4.015,734502,734411,65,139,130,74100,6993,4590
0.51,0.992,44,10.885,734496,734411,53,81,86,48816,7445,2598
0.47,1.298,40,12.663,734499,734411,40,68,60,19520,6092,1257
0.54,1.596,39,8.032,734500,734411,39,48,56,31328,2467,2278
0.49,0.543,68,3.013,734502,734411,71,165,158,87628,10587,6155
0.48,0.781,55,4.224,734502,734411,60,113,104,51904,5169,3174
0.52,0.938,50,4.019,734500,734412,51,86,94,46392,4129,2390
0.49,0.805,54,5.019,734500,734411,61,111,106,87232,6849,4493
0.46,3.957,17,18.935,734498,734415,19,21,18,39612,806,676
0.46,4.598,14,17.968,734498,734411,15,19,16,40512,531,356
0.46,0.951,49,7.079,734500,734411,54,91,77,80588,4062,2388
0.49,1.026,38,6.908,734496,734413,51,76,73,69900,3459,2116
0.53,1.074,48,8.026,734501,734412,51,75,83,73352,3179,2435
0.47,0.377,66,5.84,734497,734411,72,227,198,122740,12783,7282
0.49,0.387,79,3.013,734500,734411,82,228,223,116300,9460,8215
0.51,0.413,67,3.008,734502,734411,73,209,221,157784,11848,10275
0.46,0.223,85,3.011,734500,734411,88,394,340,200544,20589,13359
0.52,0.314,78,3.005,734500,734411,78,268,285,177252,11350,12112
0.51,0.304,79,3.007,734501,734411,84,283,297,182356,14029,12403
0.46,1.676,30,11.933,734496,734414,34,49,41,98992,3075,1613
0.44,3.381,16,18.097,734493,734412,23,24,19,12720,1091,550
0.48,1.162,45,7.025,734500,734413,45,74,69,73736,2469,3819
0.47,0.776,45,6.028,734501,734415,55,111,100,107436,4317,4958
0.47,1.415,32,7.031,734500,734418,39,55,48,61240,2113,2179
0.48,2.837,20,11.046,734498,734413,23,28,26,40584,1395,961
0.51,0.265,77,4.017,734502,734411,82,327,345,230048,16912,17395
0.51,1.786,33,8.034,734494,734412,37,45,46,40024,1997,1740
0.48,1.003,42,11.031,734502,734411,47,91,84,75548,5502,4056
0.49,0.316,71,3.013,734500,734411,74,280,269,166016,15650,10140
0.51,0.621,62,4.01,734500,734411,63,138,144,103396,12137,6401
0.52,0.559,59,3.013,734499,734411,63,146,158,109268,16008,7475
0.49,0.468,67,4.025,734501,734411,73,191,182,93352,16778,6150
0.48,0.525,70,4.01,734500,734411,73,167,157,75636,20933,4543
0.52,0.552,65,4.004,734500,734411,68,149,162,104352,17331,5815
0.49,0.455,67,3.017,734501,734412,69,193,183,136516,17653,5754
0.48,0.594,54,3.679,734498,734412,68,142,131,46964,7134,4064
0.46,1.001,44,5.02,734499,734416,47,81,70,91884,8873,2742
0.43,5.851,11,19.078,734494,734418,12,13,10,5900,883,144
0.52,1.614,37,6.016,734500,734413,40,49,54,44936,7489,1949
0.49,0.458,71,3.016,734501,734411,75,191,184,119052,19652,7560
0.49,0.352,74,3.006,734500,734411,77,246,238,178900,24746,13206
0.45,5.82,8,22.092,734499,734435,11,11,9,27504,446,192
0.52,0.248,77,3.009,734502,734411,84,342,369,223156,25612,15205
0.41,3.169,16,15.685,734502,734426,21,24,17,48296,2646,946
0.48,0.498,65,3.013,734500,734413,66,175,161,83480,15897,6164
0.52,0.883,53,4.015,734499,734411,55,94,100,52408,14711,3081
0.47,1.24,31,15.917,734492,734414,40,63,55,39036,9447,1914
0.47,0.634,58,6.05,734500,734411,64,138,121,81276,9632,4530
0.51,1.063,49,6.024,734501,734411,52,83,85,100332,9895,3581
0.49,0.949,40,8.91,734497,734411,45,90,85,71264,8408,5356
0.44,4.004,14,16.066,734491,734415,15,19,15,27192,886,1129
0.52,1.373,34,8.034,734498,734413,37,57,62,48844,4375,3260
0.48,0.593,60,5.779,734496,734416,61,134,125,70560,10022,3670
0.48,0.642,51,3.014,734501,734412,60,154,140,91168,19863,6946
0.49,0.311,66,3.04,734500,734411,73,280,272,162960,33423,9999
0.47,0.678,59,4.14,734501,734411,61,132,119,64680,17770,5076
0.44,1.941,28,9.042,734498,734411,31,44,35,16980,6437,1450
0.4,3.08,16,12.061,734499,734419,23,26,17,5120,2374,408
0.52,0.639,62,5.022,734502,734411,66,133,143,80580,14777,6314
0.46,4.205,14,23.093,734500,734416,17,20,17,6960,3019,607
0.49,0.351,73,4.008,734502,734411,83,268,261,155420,20942,11821
